date,arrivals,search_trends,log_arrivals,log_search_trends,time_idx,diff_1,covid_dummy,lag_1,lag_3,lag_6,lag_12,lag_24,roll_mean_3,roll_mean_6,roll_mean_12,month_2,month_3,month_4,month_5,month_6,month_7,month_8,month_9,month_10,month_11,month_12
2010-01-01,416249,93,12.939041320276791,4.543294782270004,0,,0,,,,,,,,,False,False,False,False,False,False,False,False,False,False,False
2010-02-01,446323,75,13.008800424658851,4.330733340286331,1,0.06975910438205979,0,12.939041320276791,,,,,12.939041320276791,12.939041320276791,12.939041320276791,True,False,False,False,False,False,False,False,False,False,False
2010-03-01,473509,88,13.067928310709442,4.48863636973214,2,0.05912788605059127,0,13.008800424658851,,,,,12.973920872467822,12.973920872467822,12.973920872467822,False,True,False,False,False,False,False,False,False,False,False
2010-04-01,432608,84,12.977589596722966,4.442651256490317,3,-0.0903387139864762,0,13.067928310709442,12.939041320276791,,,,13.005256685215029,13.005256685215029,13.005256685215029,False,False,True,False,False,False,False,False,False,False,False
2010-05-01,350982,85,12.768493068226652,4.454347296253507,4,-0.209096528496314,0,12.977589596722966,13.008800424658851,,,,13.018106110697085,12.998339913092012,12.998339913092012,False,False,False,True,False,False,False,False,False,False,False
2010-06-01,375707,68,12.836567524920662,4.23410650459726,5,0.06807445669400991,0,12.768493068226652,13.067928310709442,,,,12.93800365855302,12.95237054411894,12.95237054411894,False,False,False,False,True,False,False,False,False,False,False
2010-07-01,410000,80,12.923914877701906,4.394449154672439,6,0.08734735278124361,0,12.836567524920662,12.977589596722966,12.939041320276791,,,12.860883396623427,12.933070040919228,12.933070040919228,False,False,False,False,False,True,False,False,False,False,False
2010-08-01,427935,84,12.966728930672524,4.442651256490317,7,0.04281405297061802,0,12.923914877701906,12.768493068226652,13.008800424658851,,,12.842991823616407,12.930548967156748,12.931762160459611,False,False,False,False,False,False,True,False,False,False,False
2010-09-01,383463,77,12.857001023153709,4.356708826689592,8,-0.10972790751881512,0,12.966728930672524,12.836567524920662,13.067928310709442,,,12.909070444431697,12.923537051492358,12.936133006736224,False,False,False,False,False,False,False,True,False,False,False
2010-10-01,440071,79,12.994693628871111,4.382026634673881,9,0.13769260571740283,0,12.857001023153709,12.923914877701906,12.977589596722966,,,12.91588161050938,12.888382503566405,12.927340564115944,False,False,False,False,False,False,False,False,True,False,False
2010-11-01,428295,72,12.96756982431166,4.290459441148391,10,-0.027123804559451514,0,12.994693628871111,12.966728930672524,12.768493068226652,,,12.93947452756578,12.891233175591092,12.934075870591462,False,False,False,False,False,False,False,False,False,True,False
2010-12-01,449570,67,13.01604907370193,4.219507705176107,11,0.048479249390270596,0,12.96756982431166,12.857001023153709,12.836567524920662,,,12.939754825445492,12.924412634938596,12.937120775475115,False,False,False,False,False,False,False,False,False,False,True
2011-01-01,506424,85,13.135131516682007,4.454347296253507,12,0.11908244298007631,0,13.01604907370193,12.994693628871111,12.923914877701906,12.939041320276791,,12.992770842294902,12.95432622640214,12.943698133660684,False,False,False,False,False,False,False,False,False,False,False
2011-02-01,529315,70,13.179340885993021,4.2626798770413155,13,0.04420936931101416,0,13.135131516682007,12.96756982431166,12.966728930672524,13.008800424658851,,13.0395834715652,12.989528999565488,12.960038983361118,True,False,False,False,False,False,False,False,False,False,False
2011-03-01,475733,69,13.072614153484082,4.248495242049359,14,-0.10672673250893894,0,13.179340885993021,13.01604907370193,12.857001023153709,13.067928310709442,,13.110173825458986,13.02496432545224,12.974250688472301,False,True,False,False,False,False,False,False,False,False,False
2011-04-01,460000,67,13.038983942375959,4.219507705176107,15,-0.033630211108123476,0,13.072614153484082,13.135131516682007,12.994693628871111,12.977589596722966,,13.129028852053038,13.06089984717397,12.974641175370186,False,False,True,False,False,False,False,False,False,False,False
2011-05-01,480886,67,13.083387594253246,4.219507705176107,16,0.04440365187728723,0,13.038983942375959,13.179340885993021,12.96756982431166,12.768493068226652,,13.096979660617686,13.068281566091443,12.97975737084127,False,False,False,True,False,False,False,False,False,False,False
2011-06-01,446966,64,13.010240045367114,4.174387269895637,17,-0.07314754888613173,0,13.083387594253246,13.072614153484082,13.01604907370193,12.836567524920662,,13.064995230037761,13.087584527748374,13.005998581343485,False,False,False,False,True,False,False,False,False,False,False
2011-07-01,460000,68,13.038983942375959,4.23410650459726,18,0.0287438970088445,0,13.010240045367114,13.038983942375959,13.135131516682007,12.923914877701906,,13.044203860665439,13.086616356359238,13.020471291380689,False,False,False,False,False,True,False,False,False,False,False
2011-08-01,552234,70,13.221728959301892,4.2626798770413155,19,0.18274501692593326,0,13.038983942375959,13.083387594253246,13.179340885993021,12.966728930672524,,13.044203860665439,13.070591760641564,13.030060380103528,False,False,False,False,False,False,True,False,False,False,False
2011-09-01,286618,66,12.565909086665917,4.204692619390966,20,-0.6558198726359752,0,13.221728959301892,13.010240045367114,13.072614153484082,12.857001023153709,,13.090317649014986,13.077656439526374,13.051310382489307,False,False,False,False,False,False,False,True,False,False,False
2011-10-01,518477,64,13.158652875664748,4.174387269895637,21,0.5927437889988312,0,12.565909086665917,13.038983942375959,13.038983942375959,12.994693628871111,,12.942207329447923,12.993205595056681,13.027052721115325,False,False,False,False,False,False,False,False,True,False,False
2011-11-01,611864,68,13.324266948926006,4.23410650459726,22,0.1656140732612581,0,13.158652875664748,13.221728959301892,13.083387594253246,12.96756982431166,,12.982096973877518,13.013150417271477,13.040715991681461,False,False,False,False,False,False,False,False,False,True,False
2011-12-01,593408,62,13.293639153559031,4.143134726391533,23,-0.030627795366974908,0,13.324266948926006,12.565909086665917,13.010240045367114,13.01604907370193,,13.016276303752223,13.053296976383606,13.07044075206599,False,False,False,False,False,False,False,False,False,False,True
2012-01-01,630000,71,13.353476685668044,4.276666119016055,24,0.05983753210901277,0,13.293639153559031,13.158652875664748,13.038983942375959,13.135131516682007,12.939041320276791,13.258852992716593,13.10053016108226,13.093573258720747,False,False,False,False,False,False,False,False,False,False,False
2012-02-01,681849,66,13.43256497128598,4.204692619390966,25,0.0790882856179369,0,13.353476685668044,13.324266948926006,13.221728959301892,13.179340885993021,13.008800424658851,13.323794262717692,13.152945618297606,13.111768689469585,True,False,False,False,False,False,False,False,False,False,False
2012-03-01,561877,59,13.23904002345962,4.0943445622221,26,-0.19352494782636143,0,13.43256497128598,13.293639153559031,12.565909086665917,13.072614153484082,13.067928310709442,13.359893603504352,13.18808495362829,13.13287069657733,False,True,False,False,False,False,False,False,False,False,False
2012-04-01,620000,60,13.3374763699232,4.110873864173311,27,0.0984363464635809,0,13.23904002345962,13.353476685668044,13.158652875664748,13.038983942375959,12.977589596722966,13.341693893471215,13.300273443093905,13.146739519075295,False,False,True,False,False,False,False,False,False,False,False
2012-05-01,615523,61,13.33022921653532,4.127134385045092,28,-0.0072471533878797345,0,13.3374763699232,13.43256497128598,13.324266948926006,13.083387594253246,12.768493068226652,13.3363604548896,13.330077358803647,13.171613888037562,False,False,False,True,False,False,False,False,False,False,False
2012-06-01,417429,61,12.941872144545096,4.127134385045092,29,-0.3883570719902245,0,13.33022921653532,13.23904002345962,13.293639153559031,13.010240045367114,12.836567524920662,13.30224853663938,13.331071070071864,13.192184023227734,False,False,False,False,True,False,False,False,False,False,False
2012-07-01,466000,66,13.051943059028227,4.204692619390966,30,0.11007091448313133,0,12.941872144545096,13.3374763699232,13.353476685668044,13.038983942375959,12.923914877701906,13.203192577001206,13.27244323523621,13.186486698159234,False,False,False,False,False,True,False,False,False,False,False
2012-08-01,525292,63,13.171711481134627,4.1588830833596715,31,0.11976842210640015,0,13.051943059028227,13.33022921653532,13.43256497128598,13.221728959301892,12.966728930672524,13.108014806702881,13.222187630796242,13.187566624546923,False,False,False,False,False,False,True,False,False,False,False
2012-09-01,460238,64,13.039501198755396,4.174387269895637,32,-0.13221028237923171,0,13.171711481134627,12.941872144545096,13.23904002345962,12.565909086665917,12.857001023153709,13.055175561569316,13.178712049104348,13.183398501366318,False,False,False,False,False,False,False,True,False,False,False
2012-10-01,495576,64,13.113478019266356,4.174387269895637,33,0.07397682051096055,0,13.039501198755396,13.051943059028227,13.3374763699232,13.158652875664748,12.994693628871111,13.087718579639416,13.145455578320309,13.222864510707106,False,False,False,False,False,False,False,False,True,False,False
2012-11-01,655701,62,13.393461696422444,4.143134726391533,34,0.2799836771560873,0,13.113478019266356,13.171711481134627,13.33022921653532,13.324266948926006,12.96756982431166,13.108230233052126,13.108122519877504,13.219099939340573,False,False,False,False,False,False,False,False,False,True,False
2012-12-01,614673,52,13.32884732494508,3.970291913552122,35,-0.06461437147736326,0,13.393461696422444,13.039501198755396,12.941872144545096,13.293639153559031,13.01604907370193,13.1821469714814,13.118661266525358,13.224866168298613,False,False,False,False,False,False,False,False,False,False,True
2013-01-01,651812,71,13.387512989955038,4.276666119016055,36,0.058665665009957735,0,13.32884732494508,13.113478019266356,13.051943059028227,13.353476685668044,13.135131516682007,13.278595680211295,13.183157129925355,13.227800182580781,False,False,False,False,False,False,False,False,False,False,False
2013-02-01,570476,52,13.254228131958866,3.970291913552122,37,-0.13328485799617162,0,13.387512989955038,13.393461696422444,13.171711481134627,13.43256497128598,13.179340885993021,13.369940670440855,13.23908545174649,13.230636541271364,True,False,False,False,False,False,False,False,False,False,False
2013-03-01,587366,56,13.283405116393233,4.04305126783455,38,0.02917698443436656,0,13.254228131958866,13.32884732494508,13.039501198755396,13.23904002345962,13.072614153484082,13.323529482286327,13.252838226883862,13.215775137994108,False,True,False,False,False,False,False,False,False,False,False
2013-04-01,613919,55,13.327619905480779,4.02535169073515,39,0.044214789087545725,0,13.283405116393233,13.387512989955038,13.113478019266356,13.3374763699232,13.038983942375959,13.308382079435711,13.293488879823501,13.219472229071906,False,False,True,False,False,False,False,False,False,False,False
2013-05-01,558751,54,13.233461004321853,4.007333185232471,40,-0.09415890115892545,0,13.327619905480779,13.254228131958866,13.393461696422444,13.33022921653532,13.083387594253246,13.288417717944291,13.329179194192571,13.218650857035039,False,False,False,True,False,False,False,False,False,False,False
2013-06-01,567291,56,13.248629441329099,4.04305126783455,41,0.015168437007245572,0,13.233461004321853,13.283405116393233,13.32884732494508,12.941872144545096,13.010240045367114,13.28149534206529,13.302512412175808,13.210586839350583,False,False,False,False,True,False,False,False,False,False,False
2013-07-01,658325,60,13.397455528346702,4.110873864173311,42,0.14882608701760347,0,13.248629441329099,13.327619905480779,13.387512989955038,13.051943059028227,13.038983942375959,13.269903450377242,13.289142764906478,13.236149947415917,False,False,False,False,False,True,False,False,False,False,False
2013-08-01,676719,56,13.425012876977895,4.04305126783455,43,0.02755734863119308,0,13.397455528346702,13.233461004321853,13.254228131958866,13.171711481134627,13.221728959301892,13.29318199133255,13.290799854638422,13.264942653192456,False,False,False,False,False,False,True,False,False,False,False
2013-09-01,614827,56,13.329097832875618,4.04305126783455,44,-0.09591504410227714,0,13.425012876977895,13.248629441329099,13.283405116393233,13.039501198755396,12.565909086665917,13.357032615551232,13.31926397880826,13.286051102846065,False,False,False,False,False,False,False,True,False,False,False
2013-10-01,628695,60,13.351403112015936,4.110873864173311,45,0.022305279140317325,0,13.329097832875618,13.397455528346702,13.327619905480779,13.113478019266356,13.158652875664748,13.383855412733405,13.326879431555325,13.310184155689415,False,False,False,False,False,False,False,False,True,False,False
2013-11-01,731034,60,13.502216617202686,4.110873864173311,46,0.15081350518675052,0,13.351403112015936,13.425012876977895,13.233461004321853,13.393461696422444,13.324266948926006,13.368504607289816,13.330843299311184,13.33001124675188,False,False,False,False,False,False,False,False,False,True,False
2013-12-01,722349,54,13.490265064957528,4.007333185232471,47,-0.01195155224515787,0,13.502216617202686,13.329097832875618,13.248629441329099,13.32884732494508,13.293639153559031,13.394239187364747,13.37563590145799,13.3390741568169,False,False,False,False,False,False,False,False,False,False,True
2014-01-01,776174,69,13.562133289204484,4.248495242049359,48,0.07186822424695549,0,13.490265064957528,13.351403112015936,13.397455528346702,13.387512989955038,13.353476685668044,13.447961598058717,13.415908505396061,13.352525635151272,False,False,False,False,False,False,False,False,False,False,False
2014-02-01,842026,59,13.643567359218657,4.0943445622221,49,0.0814340700141738,0,13.562133289204484,13.502216617202686,13.425012876977895,13.254228131958866,13.43256497128598,13.5182049904549,13.443354798872356,13.36707732675539,True,False,False,False,False,False,False,False,False,False,False
2014-03-01,709725,58,13.472634259039992,4.07753744390572,50,-0.17093310017866514,0,13.643567359218657,13.490265064957528,13.329097832875618,13.283405116393233,13.23904002345962,13.565321904460225,13.479780545912485,13.399522262360371,False,True,False,False,False,False,False,False,False,False,False
2014-04-01,745980,54,13.522455409692652,4.007333185232471,51,0.049821150652659796,0,13.472634259039992,13.562133289204484,13.351403112015936,13.327619905480779,13.3374763699232,13.559444969154377,13.503703283606548,13.415291357580935,False,False,True,False,False,False,False,False,False,False,False
2014-05-01,674204,64,13.421289497951571,4.174387269895637,52,-0.1011659117410808,0,13.522455409692652,13.643567359218657,13.502216617202686,13.233461004321853,13.33022921653532,13.5462190093171,13.532211999886,13.431527649598591,False,False,False,True,False,False,False,False,False,False,False
2014-06-01,539776,53,13.198911370284808,3.9889840465642745,53,-0.22237812766676335,0,13.421289497951571,13.472634259039992,13.490265064957528,13.248629441329099,12.941872144545096,13.472126388894738,13.51872414667748,13.447180024067736,False,False,False,False,True,False,False,False,False,False,False
2014-07-01,564736,56,13.244115415030336,4.04305126783455,54,0.045204044745528194,0,13.198911370284808,13.522455409692652,13.562133289204484,13.397455528346702,13.051943059028227,13.380885425976345,13.470165197565363,13.443036851480711,False,False,False,False,False,True,False,False,False,False,False
2014-08-01,618588,54,13.335196356986415,4.007333185232471,55,0.09108094195607919,0,13.244115415030336,13.421289497951571,13.643567359218657,13.425012876977895,13.171711481134627,13.288105427755573,13.417162218536339,13.430258508704348,False,False,False,False,False,False,True,False,False,False,False
2014-09-01,590881,56,13.289371614862683,4.04305126783455,56,-0.045824742123732776,0,13.335196356986415,13.198911370284808,13.472634259039992,13.329097832875618,13.039501198755396,13.25940771410052,13.36576705149763,13.422773798705057,False,False,False,False,False,False,False,True,False,False,False
2014-10-01,559002,55,13.233910118849133,4.02535169073515,57,-0.05546149601354955,0,13.289371614862683,13.244115415030336,13.522455409692652,13.351403112015936,13.113478019266356,13.28956112895981,13.335223277468076,13.419463280537313,False,False,False,False,False,False,False,False,True,False,False
2014-11-01,608617,52,13.318946092083884,3.970291913552122,58,0.08503597323475098,0,13.233910118849133,13.335196356986415,13.421289497951571,13.502216617202686,13.393461696422444,13.286159363566076,13.287132395660825,13.40967219777341,False,False,False,False,False,False,False,False,False,True,False
2014-12-01,657304,53,13.395903421099352,3.9889840465642745,59,0.07695732901546748,0,13.318946092083884,13.289371614862683,13.198911370284808,13.490265064957528,13.32884732494508,13.280742608598565,13.270075161349544,13.394399654013512,False,False,False,False,False,False,False,False,False,False,True
2015-01-01,700692,67,13.459825124298735,4.219507705176107,60,0.06392170319938373,0,13.395903421099352,13.233910118849133,13.244115415030336,13.562133289204484,13.387512989955038,13.316253210677457,13.302907169818633,13.386536183691996,False,False,False,False,False,False,False,False,False,False,False
2015-02-01,756000,55,13.535797977912118,4.02535169073515,61,0.0759728536133828,0,13.459825124298735,13.318946092083884,13.335196356986415,13.643567359218657,13.254228131958866,13.39155821249399,13.338858788030032,13.378010503283186,True,False,False,False,False,False,False,False,False,False,False
2015-03-01,617895,57,13.33407543748871,4.060443010546419,62,-0.20172254042340754,0,13.535797977912118,13.395903421099352,13.289371614862683,13.472634259039992,13.283405116393233,13.463842174436735,13.372292391517648,13.369029721507642,False,True,False,False,False,False,False,False,False,False,False
2015-04-01,690440,57,13.445085802851352,4.060443010546419,63,0.11101036536264175,0,13.33407543748871,13.459825124298735,13.233910118849133,13.522455409692652,13.327619905480779,13.443232846566522,13.37974302862199,13.357483153045033,False,False,True,False,False,False,False,False,False,False,False
2015-05-01,576868,53,13.265370483318426,3.9889840465642745,64,-0.1797153195329262,0,13.445085802851352,13.535797977912118,13.318946092083884,13.421289497951571,13.233461004321853,13.438319739417395,13.414938975955693,13.351035685808258,False,False,False,True,False,False,False,False,False,False,False
2015-06-01,529445,53,13.179586455820145,3.9889840465642745,65,-0.08578402749828129,0,13.265370483318426,13.33407543748871,13.395903421099352,13.198911370284808,13.248629441329099,13.348177241219497,13.406009707828117,13.338042434588829,False,False,False,False,True,False,False,False,False,False,False
2015-07-01,593566,58,13.293905376298046,4.07753744390572,66,0.11431892047790093,0,13.179586455820145,13.445085802851352,13.459825124298735,13.244115415030336,13.397455528346702,13.29668091399664,13.36995688028158,13.336432025050108,False,False,False,False,False,True,False,False,False,False,False
2015-08-01,664985,57,13.407521266784803,4.060443010546419,67,0.11361589048675746,0,13.293905376298046,13.265370483318426,13.535797977912118,13.335196356986415,13.425012876977895,13.246287438478872,13.342303588948132,13.340581188489082,False,False,False,False,False,False,True,False,False,False,False
2015-09-01,626324,53,13.34762468468954,3.9889840465642745,68,-0.05989658209526283,0,13.407521266784803,13.179586455820145,13.33407543748871,13.289371614862683,13.329097832875618,13.293671032967666,13.320924137093582,13.346608264305615,False,False,False,False,False,False,False,True,False,False,False
2015-10-01,649099,56,13.38334206702156,4.04305126783455,69,0.035717382332020264,0,13.34762468468954,13.293905376298046,13.445085802851352,13.233910118849133,13.351403112015936,13.34968377592413,13.323182344960385,13.351462686791187,False,False,False,False,False,False,False,False,True,False,False
2015-11-01,732740,57,13.504547576000267,4.060443010546419,70,0.12120550897870608,0,13.38334206702156,13.407521266784803,13.265370483318426,13.318946092083884,13.502216617202686,13.379496006165303,13.312891722322085,13.36391534913889,False,False,False,False,False,False,False,False,False,True,False
2015-12-01,760798,57,13.542124475806565,4.060443010546419,71,0.037576899806298414,0,13.504547576000267,13.34762468468954,13.179586455820145,13.395903421099352,13.490265064957528,13.411838109237124,13.352754571102395,13.379382139465255,False,False,False,False,False,False,False,False,False,False,True
2016-01-01,815200,67,13.611189987582735,4.219507705176107,72,0.06906551177617004,0,13.542124475806565,13.38334206702156,13.293905376298046,13.459825124298735,13.562133289204484,13.476671372942796,13.413177574433464,13.391567227357521,False,False,False,False,False,False,False,False,False,False,False
2016-02-01,843726,54,13.645584261538078,4.007333185232471,73,0.03439427395534267,0,13.611189987582735,13.504547576000267,13.407521266784803,13.535797977912118,13.643567359218657,13.552620679796524,13.466058342980913,13.404180965964523,True,False,False,False,False,False,False,False,False,False,False
2016-03-01,830608,58,13.62991444566066,4.07753744390572,74,-0.015669815877418003,0,13.645584261538078,13.542124475806565,13.34762468468954,13.33407543748871,13.472634259039992,13.599632908309125,13.505735508773123,13.41332982293335,False,True,False,False,False,False,False,False,False,False,False
2016-04-01,799612,51,13.591883139605285,3.9512437185814275,75,-0.03803130605537497,0,13.62991444566066,13.611189987582735,13.38334206702156,13.445085802851352,13.522455409692652,13.628896231593822,13.55278380226831,13.437983073614348,False,False,True,False,False,False,False,False,False,False,False
2016-05-01,767373,55,13.550729575585114,4.02535169073515,76,-0.04115356402017056,0,13.591883139605285,13.645584261538078,13.504547576000267,13.265370483318426,13.421289497951571,13.62246061560134,13.587540647698932,13.45021618501051,False,False,False,True,False,False,False,False,False,False,False
2016-06-01,710574,55,13.47382978041345,4.02535169073515,77,-0.07689979517166456,0,13.550729575585114,13.62991444566066,13.542124475806565,13.179586455820145,13.198911370284808,13.590842386950355,13.59523764762974,13.473996109366068,False,False,False,False,True,False,False,False,False,False,False
2016-07-01,856438,58,13.660538374128313,4.07753744390572,78,0.18670859371486337,0,13.47382978041345,13.591883139605285,13.611189987582735,13.293905376298046,13.244115415030336,13.538814165201282,13.583855198397552,13.498516386415508,False,False,False,False,False,True,False,False,False,False,False
2016-08-01,909866,57,13.721053713965365,4.060443010546419,79,0.060515339837051485,0,13.660538374128313,13.550729575585114,13.645584261538078,13.407521266784803,13.335196356986415,13.561699243375626,13.592079929488483,13.529069136234698,False,False,False,False,False,False,True,False,False,False,False
2016-09-01,823135,58,13.62087671509578,4.07753744390572,80,-0.10017699886958376,0,13.721053713965365,13.47382978041345,13.62991444566066,13.34762468468954,13.289371614862683,13.61847395616904,13.604658171559699,13.55519684016641,False,False,False,False,False,False,False,True,False,False,False
2016-10-01,822145,61,13.619673273838314,4.127134385045092,81,-0.0012034412574664088,0,13.62087671509578,13.660538374128313,13.591883139605285,13.38334206702156,13.233910118849133,13.667489601063153,13.603151883132218,13.577967842700263,False,False,False,False,False,False,False,False,True,False,False
2016-11-01,936779,61,13.75020374176362,4.127134385045092,82,0.13053046792530587,0,13.619673273838314,13.721053713965365,13.550729575585114,13.504547576000267,13.318946092083884,13.653867900966487,13.607783572171057,13.597662109934994,False,False,False,False,False,False,False,False,False,True,False
2016-12-01,897279,53,13.707123243948253,3.9889840465642745,83,-0.04308049781536738,0,13.75020374176362,13.62087671509578,13.47382978041345,13.542124475806565,13.395903421099352,13.66358457689924,13.641029266534142,13.618133457081939,False,False,False,False,False,False,False,False,False,False,True
2017-01-01,1007238,75,13.822723482169936,4.330733340286331,84,0.11560023822168297,0,13.707123243948253,13.619673273838314,13.660538374128313,13.611189987582735,13.459825124298735,13.692333419850064,13.679911510456607,13.63188335442708,False,False,False,False,False,False,False,False,False,False,False
2017-02-01,1199421,63,13.99735033205291,4.1588830833596715,85,0.1746268498829746,0,13.822723482169936,13.75020374176362,13.721053713965365,13.645584261538078,13.535797977912118,13.76001682262727,13.706942361796878,13.649511145642679,True,False,False,False,False,False,False,False,False,False,False
2017-03-01,1005821,62,13.8213156756166,4.143134726391533,86,-0.1760346564363111,0,13.99735033205291,13.707123243948253,13.62087671509578,13.62991444566066,13.33407543748871,13.842399019390365,13.752991798144803,13.67882498485225,False,True,False,False,False,False,False,False,False,False,False
2017-04-01,1071650,59,13.884711007905327,4.0943445622221,87,0.06339533228872796,0,13.8213156756166,13.822723482169936,13.619673273838314,13.591883139605285,13.445085802851352,13.880463163279815,13.786398291564938,13.69477508734858,False,False,True,False,False,False,False,False,False,False,False
2017-05-01,972844,61,13.787980047347846,4.127134385045092,88,-0.09673096055748154,0,13.884711007905327,13.99735033205291,13.75020374176362,13.550729575585114,13.265370483318426,13.90112567185828,13.830571247242775,13.719177409706916,False,False,False,True,False,False,False,False,False,False,False
2017-06-01,949362,60,13.763546512357623,4.110873864173311,89,-0.024433534990222938,0,13.787980047347846,13.8213156756166,13.707123243948253,13.47382978041345,13.179586455820145,13.83133557695659,13.836867298173479,13.738948282353808,False,False,False,False,True,False,False,False,False,False,False
2017-07-01,1036880,65,13.851727726528548,4.189654742026425,90,0.08818121417092506,0,13.763546512357623,13.884711007905327,13.822723482169936,13.660538374128313,13.293905376298046,13.8120791892036,13.846271176241707,13.763091343349158,False,False,False,False,False,True,False,False,False,False,False
2017-08-01,1229163,62,14.021844821468223,4.143134726391533,91,0.17011709493967508,0,13.851727726528548,13.787980047347846,13.99735033205291,13.721053713965365,13.407521266784803,13.801084762078005,13.851105216968143,13.779023789382508,False,False,False,False,False,False,True,False,False,False,False
2017-09-01,975952,62,13.791169708498,4.143134726391533,92,-0.23067511297022314,0,14.021844821468223,13.763546512357623,13.8213156756166,13.62087671509578,13.34762468468954,13.879039686784798,13.855187631870693,13.804089715007748,False,False,False,False,False,False,False,True,False,False,False
2017-10-01,1024899,70,13.840105604819655,4.2626798770413155,93,0.04893589632165529,0,13.791169708498,13.851727726528548,13.884711007905327,13.619673273838314,13.38334206702156,13.888247418831591,13.850163304017594,13.818280797791267,False,False,False,False,False,False,False,False,True,False,False
2017-11-01,1172568,71,13.974707626185133,4.276666119016055,94,0.1346020213654775,0,13.840105604819655,14.021844821468223,13.787980047347846,13.75020374176362,13.504547576000267,13.88437337826196,13.84272907016998,13.836650158706378,False,False,False,False,False,False,False,False,False,True,False
2017-12-01,1276353,62,14.059518133877518,4.143134726391533,95,0.08481050769238507,0,13.974707626185133,13.791169708498,13.763546512357623,13.707123243948253,13.542124475806565,13.868660979834262,13.873850333309528,13.855358815741505,False,False,False,False,False,False,False,False,False,False,True
2018-01-01,1430242,73,14.173354917869542,4.30406509320417,96,0.11383678399202424,0,14.059518133877518,13.840105604819655,13.851727726528548,13.822723482169936,13.611189987582735,13.958110454960769,13.923178936896178,13.884725056568941,False,False,False,False,False,False,False,False,False,False,False
2018-02-01,1431845,63,14.174475078820242,4.1588830833596715,97,0.001120160950700111,0,14.173354917869542,13.974707626185133,14.021844821468223,13.99735033205291,13.645584261538078,14.069193559310731,13.976783468786344,13.913944342877244,True,False,False,False,False,False,False,False,False,False,False
2018-03-01,1343314,70,14.110650997518945,4.2626798770413155,98,-0.06382408130129669,0,14.174475078820242,14.059518133877518,13.791169708498,13.8213156756166,13.62991444566066,14.1357827101891,14.00222184501168,13.928704738441189,False,True,False,False,False,False,False,False,False,False,False
2018-04-01,1341913,62,14.109607511002805,4.143134726391533,99,-0.0010434865161403906,0,14.110650997518945,14.173354917869542,13.840105604819655,13.884711007905327,13.591883139605285,14.152826998069576,14.055468726515173,13.952816015266384,False,False,True,False,False,False,False,False,False,False,False
2018-05-01,1161114,59,13.964891308315563,4.0943445622221,100,-0.14471620268724195,0,14.109607511002805,14.174475078820242,13.974707626185133,13.787980047347846,13.550729575585114,14.13157786244733,14.100385710879031,13.971557390524508,False,False,False,True,False,False,False,False,False,False,False
2018-06-01,1183102,58,13.983651205949807,4.07753744390572,101,0.018759897634243572,0,13.964891308315563,14.110650997518945,14.059518133877518,13.763546512357623,13.47382978041345,14.061716605612437,14.09874965790077,13.986299995605151,False,False,False,False,True,False,False,False,False,False,False
2018-07-01,1188817,64,13.98847009414998,4.174387269895637,102,0.004818888200173177,0,13.983651205949807,14.109607511002805,14.173354917869542,13.851727726528548,13.660538374128313,14.01938334175606,14.086105169912818,14.004642053404497,False,False,False,False,False,True,False,False,False,False,False
2018-08-01,1323546,65,14.095825811919024,4.189654742026425,103,0.10735571776904429,0,13.98847009414998,13.964891308315563,14.174475078820242,14.021844821468223,13.721053713965365,13.979004202805116,14.055291032626224,14.016037250706285,False,False,False,False,False,False,True,False,False,False,False
2018-09-01,1212597,62,14.0082757232699,4.143134726391533,104,-0.08755008864912384,0,14.095825811919024,13.983651205949807,14.110650997518945,13.791169708498,13.62087671509578,14.022649037339603,14.04218282147602,14.022202333243852,False,False,False,False,False,False,False,True,False,False,False
2018-10-01,1205157,59,14.002121236643323,4.0943445622221,105,-0.006154486626577693,0,14.0082757232699,13.98847009414998,14.109607511002805,13.840105604819655,13.619673273838314,14.030857209779635,14.025120275767847,14.04029450114151,False,False,False,False,False,False,False,False,True,False,False
2018-11-01,1301909,59,14.079342974937486,4.0943445622221,106,0.07722173829416334,0,14.002121236643323,14.095825811919024,13.964891308315563,13.974707626185133,13.75020374176362,14.035407590610747,14.007205896707932,14.053795803793482,False,False,False,False,False,False,False,False,False,True,False
2018-12-01,1374235,58,14.133408498296083,4.07753744390572,107,0.054065523358596934,0,14.079342974937486,14.0082757232699,13.983651205949807,14.059518133877518,13.707123243948253,14.029913311616903,14.026281174478251,14.06251541618951,False,False,False,False,False,False,False,False,False,False,True
2019-01-01,1501766,73,14.222152972774854,4.30406509320417,108,0.0887444744787711,0,14.133408498296083,14.002121236643323,13.98847009414998,14.173354917869542,13.822723482169936,14.07162423662563,14.051240723202634,14.068672946557726,False,False,False,False,False,False,False,False,False,False,False
2019-02-01,1588161,67,14.27808793069938,4.219507705176107,109,0.055934957924526074,0,14.222152972774854,14.079342974937486,14.095825811919024,14.174475078820242,13.99735033205291,14.144968148669475,14.090187869640111,14.072739451133167,True,False,False,False,False,False,False,False,False,False,False
2019-03-01,1410187,63,14.159233586799585,4.1588830833596715,110,-0.11885434389979466,0,14.27808793069938,14.133408498296083,14.0082757232699,14.110650997518945,13.8213156756166,14.21121646725677,14.120564889436837,14.081373855456429,False,True,False,False,False,False,False,False,False,False,False
2019-04-01,1468766,61,14.199933831275708,4.127134385045092,111,0.040700244476122194,0,14.159233586799585,14.222152972774854,14.002121236643323,14.109607511002805,13.884711007905327,14.219824830091275,14.145724533358452,14.085422404563149,False,False,True,False,False,False,False,False,False,False,False
2019-05-01,1326668,58,14.098181847384934,4.07753744390572,112,-0.10175198389077345,0,14.199933831275708,14.27808793069938,14.079342974937486,13.964891308315563,13.787980047347846,14.212418449591558,14.178693299130517,14.092949597919224,False,False,False,True,False,False,False,False,False,False,False
2019-06-01,1185445,59,13.985629633049472,4.0943445622221,113,-0.11255221433546225,0,14.098181847384934,14.159233586799585,14.133408498296083,13.983651205949807,13.763546512357623,14.15244975515341,14.181833111205092,14.10405714284167,False,False,False,False,True,False,False,False,False,False,False
2019-07-01,1315792,63,14.089950083662444,4.1588830833596715,114,0.10432045061297224,0,13.985629633049472,14.199933831275708,14.222152972774854,13.98847009414998,13.851727726528548,14.094581770570038,14.157203300330657,14.104222011766645,False,False,False,False,False,True,False,False,False,False,False
2019-08-01,1512447,61,14.229240088130833,4.127134385045092,115,0.13929000446838913,0,14.089950083662444,14.098181847384934,14.27808793069938,14.095825811919024,14.021844821468223,14.057920521365617,14.135169485478587,14.11267867755935,False,False,False,False,False,False,True,False,False,False,False
2019-09-01,1561274,64,14.26101335310397,4.174387269895637,116,0.03177326497313615,0,14.229240088130833,13.985629633049472,14.159233586799585,14.0082757232699,13.791169708498,14.10160660161425,14.12702817838383,14.123796533910335,False,False,False,False,False,False,False,True,False,False,False
2019-10-01,1618337,60,14.296910254660423,4.110873864173311,117,0.03589690155645364,0,14.26101335310397,14.089950083662444,14.199933831275708,14.002121236643323,13.840105604819655,14.193401174965748,14.143991472767894,14.144858003063172,False,False,False,False,False,False,False,False,True,False,False
2019-11-01,1809580,66,14.408605884730958,4.204692619390966,118,0.1116956300705354,0,14.296910254660423,14.229240088130833,14.098181847384934,14.079342974937486,13.974707626185133,14.262387898631742,14.160154209998678,14.169423754564598,False,False,False,False,False,False,False,False,False,True,False
2019-12-01,1710168,63,14.352102754004797,4.1588830833596715,119,-0.05650313072616164,0,14.408605884730958,14.26101335310397,13.985629633049472,14.133408498296083,14.059518133877518,14.322176497498452,14.211891549556348,14.19686233038072,False,False,False,False,False,False,False,False,False,False,True
2020-01-01,1994125,84,14.50571641707625,4.442651256490317,120,0.15361366307145374,0,14.352102754004797,14.296910254660423,14.089950083662444,14.222152972774854,14.173354917869542,14.35253963113206,14.272970403048904,14.215086851689778,False,False,False,False,False,False,False,False,False,False,False
2020-02-01,1242731,93,14.032822739844782,4.543294782270004,121,-0.47289367723146825,0,14.50571641707625,14.408605884730958,14.229240088130833,14.27808793069938,14.174475078820242,14.422141685270669,14.342264791951203,14.238717138714897,True,False,False,False,False,False,False,False,False,False,False
2020-03-01,449923,100,13.01683395859428,4.61512051684126,122,-1.0159887812505026,1,14.032822739844782,14.352102754004797,14.26101335310397,14.159233586799585,14.110650997518945,14.296880636975276,14.309528567236862,14.218278372810346,False,True,False,False,False,False,False,False,False,False,False
2020-04-01,0,24,0.0,3.2188758248682006,123,-13.01683395859428,1,13.01683395859428,14.50571641707625,14.296910254660423,14.199933831275708,14.109607511002805,13.851791038505104,14.102165334818581,14.123078403793237,False,False,True,False,False,False,False,False,False,False,False
2020-05-01,0,33,0.0,3.5263605246161616,124,0.0,1,0.0,14.032822739844782,14.408605884730958,14.098181847384934,13.964891308315563,9.016552232813021,11.719346959041845,12.939750584520262,False,False,False,True,False,False,False,False,False,False,False
2020-06-01,0,40,0.0,3.713572066704308,125,0.0,1,0.0,13.01683395859428,14.352102754004797,13.985629633049472,13.983651205949807,4.33894465286476,9.31791264492002,11.764902097238185,False,False,False,False,True,False,False,False,False,False,False
2020-07-01,0,39,0.0,3.6888794541139363,126,0.0,1,0.0,0.0,14.50571641707625,14.089950083662444,13.98847009414998,0.0,6.925895519252552,10.599432961150727,False,False,False,False,False,True,False,False,False,False,False
2020-08-01,0,28,0.0,3.367295829986474,127,0.0,1,0.0,0.0,14.032822739844782,14.229240088130833,14.095825811919024,0.0,4.508276116406511,9.425270454178857,False,False,False,False,False,False,True,False,False,False,False
2020-09-01,0,33,0.0,3.5263605246161616,128,0.0,1,0.0,0.0,13.01683395859428,14.26101335310397,14.0082757232699,0.0,2.16947232643238,8.23950044683462,False,False,False,False,False,False,False,True,False,False,False
2020-10-01,0,33,0.0,3.5263605246161616,129,0.0,1,0.0,0.0,0.0,14.296910254660423,14.002121236643323,0.0,0.0,7.051082667409291,False,False,False,False,False,False,False,False,True,False,False
2020-11-01,0,26,0.0,3.295836866004329,130,0.0,1,0.0,0.0,0.0,14.408605884730958,14.079342974937486,0.0,0.0,5.859673479520922,False,False,False,False,False,False,False,False,False,True,False
2020-12-01,0,23,0.0,3.1780538303479458,131,0.0,1,0.0,0.0,0.0,14.352102754004797,14.133408498296083,0.0,0.0,4.65895632246001,False,False,False,False,False,False,False,False,False,False,True
2021-01-01,0,26,0.0,3.295836866004329,132,0.0,1,0.0,0.0,0.0,14.50571641707625,14.222152972774854,0.0,0.0,3.462947759626276,False,False,False,False,False,False,False,False,False,False,False
2021-02-01,0,21,0.0,3.091042453358316,133,0.0,1,0.0,0.0,0.0,14.032822739844782,14.27808793069938,0.0,0.0,2.2541380582032553,True,False,False,False,False,False,False,False,False,False,False
2021-03-01,0,27,0.0,3.332204510175204,134,0.0,1,0.0,0.0,0.0,13.01683395859428,14.159233586799585,0.0,0.0,1.08473616321619,False,True,False,False,False,False,False,False,False,False,False
2021-04-01,0,27,0.0,3.332204510175204,135,0.0,1,0.0,0.0,0.0,0.0,14.199933831275708,0.0,0.0,0.0,False,False,True,False,False,False,False,False,False,False,False
2021-05-01,0,28,0.0,3.367295829986474,136,0.0,1,0.0,0.0,0.0,0.0,14.098181847384934,0.0,0.0,0.0,False,False,False,True,False,False,False,False,False,False,False
2021-06-01,0,26,0.0,3.295836866004329,137,0.0,1,0.0,0.0,0.0,0.0,13.985629633049472,0.0,0.0,0.0,False,False,False,False,True,False,False,False,False,False,False
2021-07-01,0,26,0.0,3.295836866004329,138,0.0,1,0.0,0.0,0.0,0.0,14.089950083662444,0.0,0.0,0.0,False,False,False,False,False,True,False,False,False,False,False
2021-08-01,0,24,0.0,3.2188758248682006,139,0.0,1,0.0,0.0,0.0,0.0,14.229240088130833,0.0,0.0,0.0,False,False,False,False,False,False,True,False,False,False,False
2021-09-01,0,26,0.0,3.295836866004329,140,0.0,1,0.0,0.0,0.0,0.0,14.26101335310397,0.0,0.0,0.0,False,False,False,False,False,False,False,True,False,False,False
2021-10-01,0,32,0.0,3.4965075614664802,141,0.0,1,0.0,0.0,0.0,0.0,14.296910254660423,0.0,0.0,0.0,False,False,False,False,False,False,False,False,True,False,False
2021-11-01,400,35,5.993961427306569,3.58351893845611,142,5.993961427306569,1,0.0,0.0,0.0,0.0,14.408605884730958,0.0,0.0,0.0,False,False,False,False,False,False,False,False,False,True,False
2021-12-01,3100,29,8.03947991910045,3.4011973816621555,143,2.04551849179388,1,5.993961427306569,0.0,0.0,0.0,14.352102754004797,1.9979871424355231,0.9989935712177616,0.4994967856088808,False,False,False,False,False,False,False,False,False,False,True
2022-01-01,19727,47,9.889794225404126,3.871201010907891,144,1.8503143063036767,0,8.03947991910045,0.0,0.0,0.0,14.50571641707625,4.677813782135673,2.3389068910678366,1.1694534455339183,False,False,False,False,False,False,False,False,False,False,False
2022-02-01,29517,55,10.292755525741722,4.02535169073515,145,0.40296130033759603,0,9.889794225404126,5.993961427306569,0.0,0.0,14.032822739844782,7.974411857270382,3.987205928635191,1.9936029643175954,True,False,False,False,False,False,False,False,False,False,False
2022-03-01,41740,67,10.63923913817842,4.219507705176107,146,0.3464836124366979,0,10.292755525741722,8.03947991910045,0.0,0.0,13.01683395859428,9.407343223415433,5.702665182925478,2.851332591462739,False,True,False,False,False,False,False,False,False,False,False
2022-04-01,101373,68,11.52657192700408,4.23410650459726,147,0.8873327888256597,0,10.63923913817842,9.889794225404126,0.0,0.0,0.0,10.273929629774756,7.475871705955214,3.737935852977607,False,False,True,False,False,False,False,False,False,False,False
2022-05-01,172948,64,12.060752032330674,4.174387269895637,148,0.5341801053265947,0,11.52657192700408,10.292755525741722,5.993961427306569,0.0,0.0,10.81952219697474,9.396967027122562,4.698483513561281,False,False,False,True,False,False,False,False,False,False,False
2022-06-01,236677,66,12.374455846526772,4.204692619390966,149,0.3137038141960975,0,12.060752032330674,10.63923913817842,8.03947991910045,0.0,0.0,11.408854365837724,10.408098794626577,5.70354618292217,False,False,False,False,True,False,False,False,False,False,False
2022-07-01,352579,60,12.773032825839735,4.110873864173311,150,0.39857697931296343,0,12.374455846526772,11.52657192700408,9.889794225404126,0.0,0.0,11.987259935287176,11.130594782530965,6.7347508367994005,False,False,False,False,False,True,False,False,False,False,False
2022-08-01,486407,62,13.094803056867258,4.143134726391533,151,0.3217702310275232,0,12.773032825839735,12.060752032330674,10.292755525741722,0.0,0.0,12.402746901565727,11.611134549270233,7.799170238952712,False,False,False,False,False,False,True,False,False,False,False
2022-09-01,431909,56,12.97597251218851,4.04305126783455,152,-0.11883054467874743,0,13.094803056867258,12.374455846526772,10.63923913817842,0.0,0.0,12.747430576411254,12.078142471124488,8.890403827024985,False,False,False,False,False,False,False,True,False,False,False
2022-10-01,484355,57,13.090575452513944,4.060443010546419,153,0.11460294032543317,0,12.97597251218851,12.773032825839735,11.52657192700408,0.0,0.0,12.947936131631835,12.467598033459504,9.97173486970736,False,False,False,False,False,False,False,False,True,False,False
2022-11-01,596919,53,13.299538380045405,3.9889840465642745,154,0.20896292753146106,0,13.090575452513944,13.094803056867258,12.060752032330674,5.993961427306569,0.0,13.053783673856572,12.728265287711148,11.062616157416855,False,False,False,False,False,False,False,False,False,True,False
2022-12-01,707071,53,13.4688877784488,3.9889840465642745,155,0.16934939840339425,0,13.299538380045405,12.97597251218851,12.374455846526772,8.03947991910045,0.0,13.12202878158262,12.934729678996938,11.671414236811756,False,False,False,False,False,False,False,False,False,False,True
2023-01-01,871162,63,13.677584379542898,4.1588830833596715,156,0.2086966010940987,0,13.4688877784488,13.090575452513944,12.773032825839735,9.889794225404126,0.0,13.28633387033605,13.117135000983943,12.123864891757455,False,False,False,False,False,False,False,False,False,False,False
2023-02-01,932969,58,13.746128324971682,4.07753744390572,157,0.06854394542878417,0,13.677584379542898,13.299538380045405,13.094803056867258,10.292755525741722,0.0,13.482003512679034,13.267893593267802,12.439514071269018,True,False,False,False,False,False,False,False,False,False,False
2023-03-01,895425,54,13.705054861669192,4.007333185232471,158,-0.04107346330249051,0,13.746128324971682,13.4688877784488,12.97597251218851,10.63923913817842,0.0,13.63086682765446,13.376447804618538,12.727295137871515,False,True,False,False,False,False,False,False,False,False,False
2023-04-01,984146,59,13.79953055512068,4.0943445622221,159,0.0944756934514892,0,13.705054861669192,13.677584379542898,13.090575452513944,11.52657192700408,0.0,13.709589188727923,13.497961529531986,12.982779781495745,False,False,True,False,False,False,False,False,False,False,False
2023-05-01,916257,55,13.728053263386355,4.02535169073515,160,-0.07147729173432538,0,13.79953055512068,13.746128324971682,13.299538380045405,12.060752032330674,0.0,13.750237913920516,13.616120713299777,13.17219300050546,False,False,False,True,False,False,False,False,False,False,False
2023-06-01,975010,52,13.790204031967624,3.970291913552122,161,0.06215076858126878,0,13.728053263386355,13.705054861669192,13.4688877784488,12.374455846526772,0.0,13.744212893392076,13.687539860523268,13.311134769760102,False,False,False,False,True,False,False,False,False,False,False
2023-07-01,1038563,53,13.853349547746552,3.9889840465642745,162,0.06314551577892757,0,13.790204031967624,13.79953055512068,13.677584379542898,12.773032825839735,0.0,13.77259595015822,13.74109256944307,13.429113785213508,False,False,False,False,False,True,False,False,False,False,False
2023-08-01,1217421,56,14.012246066178168,4.04305126783455,163,0.15889651843161623,0,13.853349547746552,13.728053263386355,13.746128324971682,13.094803056867258,0.0,13.790535614366844,13.77038676414368,13.519140178705742,False,False,False,False,False,False,True,False,False,False,False
2023-09-01,1054449,55,13.86852986193991,4.02535169073515,164,-0.14371620423825782,0,14.012246066178168,13.790204031967624,13.705054861669192,12.97597251218851,0.0,13.885266548630781,13.81473972101143,13.595593762814985,False,False,False,False,False,False,False,True,False,False,False
2023-10-01,1112526,61,13.922144562390951,4.127134385045092,165,0.053614700451040775,0,13.86852986193991,13.853349547746552,13.79953055512068,13.090575452513944,0.0,13.911375158621544,13.84198555438988,13.669973541960935,False,False,False,False,False,False,False,False,True,False,False
2023-11-01,1233371,56,14.025262439806252,4.04305126783455,166,0.10311787741530054,0,13.922144562390951,14.012246066178168,13.728053263386355,13.299538380045405,5.993961427306569,13.934306830169676,13.86242122226826,13.739270967784018,False,False,False,False,False,False,False,False,False,True,False
2023-12-01,1371135,57,14.131150151290626,4.060443010546419,167,0.10588771148437459,0,14.025262439806252,13.86852986193991,13.790204031967624,13.4688877784488,8.03947991910045,13.938645621379038,13.91195608500491,13.799747972764088,False,False,False,False,False,False,False,False,False,False,True
